
INSERT INTO TB_DMN_QUESTION_TYPE(ID, TAG_NAME) VALUES(1, 'question.one.choice');
INSERT INTO TB_DMN_QUESTION_TYPE(ID, TAG_NAME) VALUES(2, 'question.multiple.choice');

INSERT INTO TB_DMN_SURVEY_VARIABLE (ID, TAG_NAME, COLUMN_NAME) VALUES (1, 'client.name', 'RESPONDENT_NAME');
INSERT INTO TB_DMN_SURVEY_VARIABLE (ID, TAG_NAME, COLUMN_NAME) VALUES (2, 'client.email', 'RESPONDENT_EMAIL');
INSERT INTO TB_DMN_SURVEY_VARIABLE (ID, TAG_NAME, COLUMN_NAME) VALUES (3, 'client.phone.number', 'RESPONDENT_PHONE');
INSERT INTO TB_DMN_SURVEY_VARIABLE (ID, TAG_NAME, COLUMN_NAME) VALUES (4, 'survey.question.count', 'QUESTION_COUNT');

INSERT INTO pset.tb_dmn_menu (id,        id_parent_menu,     tag_name,                       tag_description,            menu_order,     url) 
    VALUES 
    (                       1,          NULL,               'menu.home',                'menu.home.desc',                       1,      '/adm/home' ),
    (                       2,          NULL,               'menu.program',             'menu.program.desc',                    2,      '/adm/programs' ),
    (                       3,          NULL,               'menu.respondent',          'menu.respondent.desc',                 3,      '#' ),
    (                       4,          NULL,               'menu.reports',             'menu.reports.desc',                    4,      '#' ),
    (                       5,          NULL,               'menu.users',               'menu.users.desc',                      5,      '/adm/users' ),
    (                       6,          NULL,               'menu.config',              'menu.config.desc',                     6,      '#' ),
    (                       7,          NULL,               'menu.change.pass',         'menu.change.desc',                     7,      '/adm/change/password' ),
    (                       8,          3,                  'menu.respondent.import',   'menu.respondent.import.desc',          1,      '/adm/respondent/import' ),
    (                       9,          4,                  'menu.reports.1',           'menu.reports.1.desc',                  1,      '/adm/reports/1' ),
    (                       10,         4,                  'menu.reports.2',           'menu.reports.2.desc',                  2,      '/adm/reports/2' ),
    (                       11,         4,                  'menu.reports.3',           'menu.reports.3.desc',                  3,      '/adm/reports/3' ),
    (                       12,         4,                  'menu.reports.4',           'menu.reports.4.desc',                  4,      '/adm/reports/4' ),
    (                       13,         6,                  'menu.report.system.parameters',           'menu.report.system.parameters.desc',   1,      '/adm/config/system/parameters' );

INSERT INTO rl_role_menu(id_role, id_menu)
    VALUES 
    (1, 1),
    (1, 2),
    (1, 4),
    (1, 5),
    (1, 6),
    (1, 7),
    (1, 9),
    (1, 10),
    (1, 11),
    (1, 12),
    (1, 13),
    (2, 1),
    (2, 3),
    (2, 7),
    (2, 8);

INSERT INTO tb_dmn_survey_type(id, name) VALUES 
(0, 'SurveyType.DEPRESSION'),
(1, 'SurveyType.ANXIETY'),
(2, 'SurveyType.ALCOHOLISM'),
(3, 'SurveyType.DEPENDENCY'),
(4, 'SurveyType.BURNOUT'),
(5, 'SurveyType.DEPRESSION_ANXIETY'),
(6, 'SurveyType.MASLACH_BURNOUT');

INSERT INTO tb_survey(id, id_user, id_survey_type, name, description, active, registry_date) VALUES 
(0, 0, 0, 'survey.depression', 'survey.depression.desc', TRUE, NOW()),
(1, 0, 1, 'survey.anxiety',    'survey.anxiety.desc',    TRUE, NOW()),
(2, 0, 2, 'survey.alcoholism', NULL, TRUE, NOW()),
(3, 0, 3, 'survey.dependency', 'survey.dependency.desc', TRUE, NOW()),
(4, 0, 4, 'survey.burnout', NULL, TRUE, NOW()),
(5, 0, 5, 'survey.depression.anxiety', NULL, TRUE, NOW()),
(6, 0, 6, 'survey.maslach.burnout', NULL, TRUE, NOW());

INSERT INTO tb_question_group(
id, name, description) VALUES 
(0,  'survey.burnout.group1' ,  'survey.burnout.group1.desc' ),
(1,  'survey.burnout.group2' ,  'survey.burnout.group2.desc' ),
(2,  'survey.burnout.group3' ,  'survey.burnout.group3.desc' ),
(3,  'survey.burnout.group4' ,  'survey.burnout.group4.desc' ),
(4,  'survey.burnout.group5' ,  'survey.burnout.group5.desc' ),
(5,  'survey.burnout.group6' ,  'survey.burnout.group6.desc' ),
(6,  'survey.burnout.group7' ,  'survey.burnout.group7.desc' ),
(7,  'survey.burnout.group8' ,  'survey.burnout.group8.desc' ),
(8,  'survey.burnout.group9' ,  'survey.burnout.group9.desc' ),
(9,  'survey.burnout.group10', 'survey.burnout.group10.desc'),
(10, 'survey.burnout.group11', 'survey.burnout.group11.desc'),
(11, 'survey.burnout.group12', 'survey.burnout.group12.desc'),

(12, 'survey.maslach.burnout.group1', 'survey.maslach.burnout.group1.desc'),
(13, 'survey.maslach.burnout.group2', 'survey.maslach.burnout.group2.desc'),
(14, 'survey.maslach.burnout.group3', 'survey.maslach.burnout.group3.desc');

select setval('sq_tb_question_group', 14);

INSERT INTO tb_dmn_score_class(
id, id_survey_type, id_question_group, description, min_points, max_points, normal, average) VALUES 
( 0, 0, NULL, 'survey.score.depression0',  -1.0,  4.0,     TRUE, FALSE),
( 1, 0, NULL, 'survey.score.depression1',  4.0,  9.0,     FALSE, FALSE),
( 2, 0, NULL, 'survey.score.depression2',  9.0, 14.0,     FALSE, FALSE),
( 3, 0, NULL, 'survey.score.depression3', 14.0, 19.0,     FALSE, FALSE),
( 4, 0, NULL, 'survey.score.depression4', 19.0, 100000.0, FALSE, FALSE),

( 5, 1, NULL, 'survey.score.anxiety0',  -1.0,  7.0, TRUE, FALSE),
( 6, 1, NULL, 'survey.score.anxiety1',  7.0, 15.0, FALSE, FALSE),
( 7, 1, NULL, 'survey.score.anxiety2', 15.0, 25.0, FALSE, FALSE),
( 8, 1, NULL, 'survey.score.anxiety3', 25.0, 63.0, FALSE, FALSE),

( 9, 2, NULL, 'survey.score.alcoholism0',  -1.0,  7.0, TRUE, FALSE),
(10, 2, NULL, 'survey.score.alcoholism1',  7.0, 15.0, FALSE, FALSE),
(11, 2, NULL, 'survey.score.alcoholism2', 15.0, 19.0, FALSE, FALSE),
(12, 2, NULL, 'survey.score.alcoholism3', 19.0, 40.0, FALSE, FALSE),

(14, 3, NULL, 'survey.score.dependency0', -1.0, 4.0,      TRUE, FALSE),
(15, 3, NULL, 'survey.score.dependency1', 4.0, 100000.0, FALSE, FALSE),

(16, 4, 0,  'survey.score.burnout0', -1.0, 3.5, TRUE, TRUE),
(17, 4, 0,  'survey.score.burnout1', 3.5, 6.0, FALSE, TRUE),
(18, 4, 1,  'survey.score.burnout0', -1.0, 3.5, TRUE, TRUE),
(19, 4, 1,  'survey.score.burnout1', 3.5, 6.0, FALSE, TRUE),
(20, 4, 2,  'survey.score.burnout0', -1.0, 3.5, TRUE, TRUE),
(21, 4, 2,  'survey.score.burnout1', 3.5, 6.0, FALSE, TRUE),

(22, 4, 3,  'survey.score.burnout0', -1.0, 3.5, TRUE, TRUE),
(23, 4, 3,  'survey.score.burnout1', 3.5, 6.0, FALSE, TRUE),
(24, 4, 4,  'survey.score.burnout0', -1.0, 3.5, TRUE, TRUE),
(25, 4, 4,  'survey.score.burnout1', 3.5, 6.0, FALSE, TRUE),
(26, 4, 5,  'survey.score.burnout0', -1.0, 3.5, TRUE, TRUE),
(27, 4, 5,  'survey.score.burnout1', 3.5, 6.0, FALSE, TRUE),

(28, 4, 6,  'survey.score.burnout0', -1.0, 3.5, TRUE, TRUE),
(29, 4, 6,  'survey.score.burnout1', 3.5, 6.0, FALSE, TRUE),
(30, 4, 7,  'survey.score.burnout0', -1.0, 3.5, TRUE, TRUE),
(31, 4, 7,  'survey.score.burnout1', 3.5, 6.0, FALSE, TRUE),
(32, 4, 8,  'survey.score.burnout0', -1.0, 3.5, TRUE, TRUE),
(33, 4, 8,  'survey.score.burnout1', 3.5, 6.0, FALSE, TRUE),

(34, 4, 9,  'survey.score.burnout0', -1.0, 3.5, TRUE, TRUE),
(35, 4, 9,  'survey.score.burnout1', 3.5, 6.0, FALSE, TRUE),
(36, 4, 10, 'survey.score.burnout0', -1.0, 3.5, TRUE, TRUE),
(37, 4, 10, 'survey.score.burnout1', 3.5, 6.0, FALSE, TRUE),
(38, 4, 11, 'survey.score.burnout0', -1.0, 3.5, TRUE, TRUE),
(39, 4, 11, 'survey.score.burnout1', 3.5, 6.0, FALSE, TRUE),

(40, 5, NULL, 'survey.score.depression.anxiety0',  -1.0,  8.0, TRUE, FALSE),
(41, 5, NULL, 'survey.score.depression.anxiety1',  8.0, 10.0, FALSE, FALSE),
(42, 5, NULL, 'survey.score.depression.anxiety2', 10.0, 14.0, FALSE, FALSE),
(43, 5, NULL, 'survey.score.depression.anxiety3', 14.0, 21.0, FALSE, FALSE),

(44, 6, NULL, 'survey.score.maslach.burnout0',  -1.0, 1.33,     TRUE , TRUE),
(45, 6, NULL, 'survey.score.maslach.burnout1',  1.33, 2.43,     FALSE, TRUE),
(46, 6, NULL, 'survey.score.maslach.burnout2',  2.43, 100000.0, FALSE, TRUE),
(47, 6, 12,   'survey.score.maslach.burnout0',  -1.0, 2.0,      TRUE , TRUE),
(48, 6, 12,   'survey.score.maslach.burnout1',   2.0, 3.2,      FALSE, TRUE),
(49, 6, 12,   'survey.score.maslach.burnout2',   3.2, 100000.0, FALSE, TRUE),
(50, 6, 13,   'survey.score.maslach.burnout0',  -1.0, 1.0,      TRUE , TRUE),
(51, 6, 13,   'survey.score.maslach.burnout1',   1.0, 2.2,      FALSE, TRUE),
(52, 6, 13,   'survey.score.maslach.burnout2',   2.2, 100000.0, FALSE, TRUE),
(53, 6, 14,   'survey.score.maslach.burnout0',  -1.0, 4.0,      TRUE , TRUE),
(54, 6, 14,   'survey.score.maslach.burnout1',   4.0, 5.0,      FALSE, TRUE),
(55, 6, 14,   'survey.score.maslach.burnout2',   5.0, 100000.0, FALSE, TRUE),

-- diagnóstico por quadrantes
(56, 4, 0, 'survey.score.burnout2', 100000.0, 100000.0, FALSE, FALSE),
(57, 4, 1, 'survey.score.burnout2', 100000.0, 100000.0, FALSE, FALSE),
(58, 4, 2, 'survey.score.burnout2', 100000.0, 100000.0, FALSE, FALSE),
(59, 4, 3, 'survey.score.burnout3', 100000.0, 100000.0, FALSE, FALSE),
(60, 4, 4, 'survey.score.burnout3', 100000.0, 100000.0, FALSE, FALSE),
(61, 4, 5, 'survey.score.burnout3', 100000.0, 100000.0, FALSE, FALSE),
(62, 4, 6, 'survey.score.burnout4', 100000.0, 100000.0, FALSE, FALSE),
(63, 4, 7, 'survey.score.burnout4', 100000.0, 100000.0, FALSE, FALSE),
(64, 4, 8, 'survey.score.burnout4', 100000.0, 100000.0, FALSE, FALSE),
(65, 4, 9,  'survey.score.burnout5', 100000.0, 100000.0, FALSE, FALSE),
(66, 4, 10, 'survey.score.burnout5', 100000.0, 100000.0, FALSE, FALSE),
(67, 4, 11, 'survey.score.burnout5', 100000.0, 100000.0, FALSE, FALSE)
;

INSERT INTO tb_question(id, id_survey, id_question_type, id_question_group, question)
    VALUES
(0, 0, 2, NULL, 'survey.depression.question1'),
(1, 0, 2, NULL, 'survey.depression.question2'),
(2, 0, 2, NULL, 'survey.depression.question3'),
(3, 0, 2, NULL, 'survey.depression.question4'),
(4, 0, 2, NULL, 'survey.depression.question5'),
(5, 0, 2, NULL, 'survey.depression.question6'),
(6, 0, 2, NULL, 'survey.depression.question7'),
(7, 0, 2, NULL, 'survey.depression.question8'),
(8, 0, 2, NULL, 'survey.depression.question9'),
(9, 0, 2, NULL, 'survey.depression.question10'),

(10, 1, 2, NULL, 'survey.anxiety.question1'),
(11, 1, 2, NULL, 'survey.anxiety.question2'),
(12, 1, 2, NULL, 'survey.anxiety.question3'),
(13, 1, 2, NULL, 'survey.anxiety.question4'),
(14, 1, 2, NULL, 'survey.anxiety.question5'),
(15, 1, 2, NULL, 'survey.anxiety.question6'),
(16, 1, 2, NULL, 'survey.anxiety.question7'),
(17, 1, 2, NULL, 'survey.anxiety.question8'),
(18, 1, 2, NULL, 'survey.anxiety.question9'),
(19, 1, 2, NULL, 'survey.anxiety.question10'),
(20, 1, 2, NULL, 'survey.anxiety.question11'),
(21, 1, 2, NULL, 'survey.anxiety.question12'),
(22, 1, 2, NULL, 'survey.anxiety.question13'),
(23, 1, 2, NULL, 'survey.anxiety.question14'),
(24, 1, 2, NULL, 'survey.anxiety.question15'),
(25, 1, 2, NULL, 'survey.anxiety.question16'),
(26, 1, 2, NULL, 'survey.anxiety.question17'),
(27, 1, 2, NULL, 'survey.anxiety.question18'),
(28, 1, 2, NULL, 'survey.anxiety.question19'),
(29, 1, 2, NULL, 'survey.anxiety.question20'),
(30, 1, 2, NULL, 'survey.anxiety.question21'),

(31, 2, 2, NULL, 'survey.alcohol.question1'),
(32, 2, 2, NULL, 'survey.alcohol.question2'),
(33, 2, 2, NULL, 'survey.alcohol.question3'),
(34, 2, 2, NULL, 'survey.alcohol.question4'),
(35, 2, 2, NULL, 'survey.alcohol.question5'),
(36, 2, 2, NULL, 'survey.alcohol.question6'),
(37, 2, 2, NULL, 'survey.alcohol.question7'),
(38, 2, 2, NULL, 'survey.alcohol.question8'),
(39, 2, 2, NULL, 'survey.alcohol.question9'),
(40, 2, 2, NULL, 'survey.alcohol.question10'),

(41, 3, 2, NULL, 'survey.dependence.question1'),
(42, 3, 2, NULL, 'survey.dependence.question2'),
(43, 3, 2, NULL, 'survey.dependence.question3'),
(44, 3, 2, NULL, 'survey.dependence.question4'),
(45, 3, 2, NULL, 'survey.dependence.question5'),
(46, 3, 2, NULL, 'survey.dependence.question6'),

(47, 4, 2, 0,  'survey.burnout.question1'),
(48, 4, 2, 0,  'survey.burnout.question2'),
(49, 4, 2, 0,  'survey.burnout.question3'),
(50, 4, 2, 1,  'survey.burnout.question4'),
(51, 4, 2, 1,  'survey.burnout.question5'),
(52, 4, 2, 1,  'survey.burnout.question6'),
(53, 4, 2, 2,  'survey.burnout.question7'),
(54, 4, 2, 2,  'survey.burnout.question8'),
(55, 4, 2, 2,  'survey.burnout.question9'),
(56, 4, 2, 3,  'survey.burnout.question10'),
(57, 4, 2, 3,  'survey.burnout.question11'),
(58, 4, 2, 3,  'survey.burnout.question12'),
(59, 4, 2, 4,  'survey.burnout.question13'),
(60, 4, 2, 4,  'survey.burnout.question14'),
(61, 4, 2, 4,  'survey.burnout.question15'),
(62, 4, 2, 5,  'survey.burnout.question16'),
(63, 4, 2, 5,  'survey.burnout.question17'),
(64, 4, 2, 5,  'survey.burnout.question18'),
(65, 4, 2, 6,  'survey.burnout.question19'),
(66, 4, 2, 6,  'survey.burnout.question20'),
(67, 4, 2, 6,  'survey.burnout.question21'),
(68, 4, 2, 7,  'survey.burnout.question22'),
(69, 4, 2, 7,  'survey.burnout.question23'),
(70, 4, 2, 7,  'survey.burnout.question24'),
(71, 4, 2, 8,  'survey.burnout.question25'),
(72, 4, 2, 8,  'survey.burnout.question26'),
(73, 4, 2, 8,  'survey.burnout.question27'),
(74, 4, 2, 9,  'survey.burnout.question28'),
(75, 4, 2, 9,  'survey.burnout.question29'),
(76, 4, 2, 9,  'survey.burnout.question30'),
(77, 4, 2, 10, 'survey.burnout.question31'),
(78, 4, 2, 10, 'survey.burnout.question32'),
(79, 4, 2, 10, 'survey.burnout.question33'),
(80, 4, 2, 11, 'survey.burnout.question34'),
(81, 4, 2, 11, 'survey.burnout.question35'),
(82, 4, 2, 11, 'survey.burnout.question36'),

-- Estou comentando este trecho, pois este impede que o sustema seja atualizado em nosso ambiente
(83, 5, 2, NULL, 'survey.depression.anxiety.question1'),
(84, 5, 2, NULL, 'survey.depression.anxiety.question2'),
(85, 5, 2, NULL, 'survey.depression.anxiety.question3'),
(86, 5, 2, NULL, 'survey.depression.anxiety.question4'),
(87, 5, 2, NULL, 'survey.depression.anxiety.question5'),
(88, 5, 2, NULL, 'survey.depression.anxiety.question6'),
(89, 5, 2, NULL, 'survey.depression.anxiety.question7'),

(90,  6, 2, 12, 'survey.maslach.burnout.question1'),
(91,  6, 2, 12, 'survey.maslach.burnout.question2'),
(92,  6, 2, 12, 'survey.maslach.burnout.question3'),
(93,  6, 2, 12, 'survey.maslach.burnout.question4'),
(94,  6, 2, 12, 'survey.maslach.burnout.question5'),
(95,  6, 2, 12, 'survey.maslach.burnout.question6'),
(96,  6, 2, 13, 'survey.maslach.burnout.question7'),
(97,  6, 2, 13, 'survey.maslach.burnout.question8'),
(98,  6, 2, 13, 'survey.maslach.burnout.question9'),
(99,  6, 2, 13, 'survey.maslach.burnout.question10'),
(100, 6, 2, 14, 'survey.maslach.burnout.question11'),
(101, 6, 2, 14, 'survey.maslach.burnout.question12'),
(102, 6, 2, 14, 'survey.maslach.burnout.question13'),
(103, 6, 2, 14, 'survey.maslach.burnout.question14'),
(104, 6, 2, 14, 'survey.maslach.burnout.question15'),
(105, 6, 2, 14, 'survey.maslach.burnout.question16');

select setval('sq_tb_question', 105);

INSERT INTO tb_option(id, option)
    VALUES 
(0, 'question.none'),
(1, 'question.several.days'),
(2, 'question.more.half.days'),
(3, 'question.almost.every.day'),
(4, 'question.none.difficulty'),
(5, 'question.some.difficulty'),
(6, 'question.much.difficulty'),
(7, 'question.extreme.difficult'),
(8, 'question.absolutely.not'),
(9, 'question.slightly'),
(10, 'question.moderately'),
(11, 'question.severely'),
(12, 'question.never'),
(13, 'question.once.time.month'),
(14, 'question.two.four.time.month'),
(15, 'question.two.three.time.month'),
(16, 'question.more.than.four.for.month'),
(17, 'question.one.two'),
(18, 'question.three.four'),
(19, 'question.five.six'),
(20, 'question.ten.more'),
(21, 'question.less.one.month'),
(22, 'question.just.one.month'),
(23, 'question.just.one.week'),
(24, 'question.every.day'),
(25, 'question.not'),
(26, 'question.yes.but.not.12.month'),
(27, 'question.yes.in.last.12.months'),
(28, 'question.yes'),
(29, 'question.never.almost.never'),
(30, 'question.sometimes'),
(31, 'question.frequently'),
(32, 'question.always'),
(33, 'question.not.hard'),
(34, 'question.little.hard'),
(35, 'question.very.hard'),
(36, 'question.impossible'),
(37, 'question.seven.nine'),

(38, 'question.totaly.disagree'),
(39, 'question.disagree'),
(40, 'question.think.disagree'),
(41, 'question.think.agree'),
(42, 'question.agree'),
(43, 'question.totaly.agree'),

(44, 'question.big.part.time'),
(45, 'question.part.time'),
(46, 'question.sometimes2'),
(47, 'question.yes.very.strong'),
(48, 'question.yes.strong'),
(49, 'question.less.strong'),
(50, 'question.fell.nothing'),
(51, 'question.rarely'),
(52, 'question.yes.not.always'),
(53, 'question.many.time'),
(54, 'question.few.time'),
(55, 'question.not.always'),
(56, 'question.yes.too'),
(57, 'question.enough'),
(58, 'question.litlle'),
(59, 'question.not.fell.that'),
(60, 'question.every.moment'),
(61, 'question.several.time'),
(62, 'question.not.fell.this'),

(63, 'question.some.for.year'),
(64, 'question.sometimes.during.month'),
(65, 'question.one.time.week'),
(66, 'question.sometimes.during.week'),
(67, 'question.every.day');

select setval('sq_tb_option', 67);

INSERT INTO rl_question_option(
            id_question, id_option, question_option_order, weight) VALUES
(0, 0, 0, 0),
(0, 1, 1, 1),
(0, 2, 2, 2),
(0, 3, 3, 3),
(1, 0, 0, 0),
(1, 1, 1, 1),
(1, 2, 2, 2),
(1, 3, 3, 3),
(2, 0, 0, 0),
(2, 1, 1, 1),
(2, 2, 2, 2),
(2, 3, 3, 3),
(3, 0, 0, 0),
(3, 1, 1, 1),
(3, 2, 2, 2),
(3, 3, 3, 3),
(4, 0, 0, 0),
(4, 1, 1, 1),
(4, 2, 2, 2),
(4, 3, 3, 3),
(5, 0, 0, 0),
(5, 1, 1, 1),
(5, 2, 2, 2),
(5, 3, 3, 3),
(6, 0, 0, 0),
(6, 1, 1, 1),
(6, 2, 2, 2),
(6, 3, 3, 3),
(7, 0, 0, 0),
(7, 1, 1, 1),
(7, 2, 2, 2),
(7, 3, 3, 3),
(8, 0, 0, 0),
(8, 1, 1, 1),
(8, 2, 2, 2),
(8, 3, 3, 3),
(9, 4, 0, 0),
(9, 5, 1, 1),
(9, 6, 2, 2),
(9, 7, 3, 3),

(10, 8,  0, 0),
(10, 9,  1, 1),
(10, 10, 2, 2),
(10, 11, 3, 3),
(11, 8,  0, 0),
(11, 9,  1, 1),
(11, 10, 2, 2),
(11, 11, 3, 3),
(12, 8,  0, 0),
(12, 9,  1, 1),
(12, 10, 2, 2),
(12, 11, 3, 3),
(13, 8,  0, 0),
(13, 9,  1, 1),
(13, 10, 2, 2),
(13, 11, 3, 3),
(14, 8,  0, 0),
(14, 9,  1, 1),
(14, 10, 2, 2),
(14, 11, 3, 3),
(15, 8,  0, 0),
(15, 9,  1, 1),
(15, 10, 2, 2),
(15, 11, 3, 3),
(16, 8,  0, 0),
(16, 9,  1, 1),
(16, 10, 2, 2),
(16, 11, 3, 3),
(17, 8,  0, 0),
(17, 9,  1, 1),
(17, 10, 2, 2),
(17, 11, 3, 3),
(18, 8,  0, 0),
(18, 9,  1, 1),
(18, 10, 2, 2),
(18, 11, 3, 3),
(19, 8,  0, 0),
(19, 9,  1, 1),
(19, 10, 2, 2),
(19, 11, 3, 3),
(20, 8,  0, 0),
(20, 9,  1, 1),
(20, 10, 2, 2),
(20, 11, 3, 3),
(21, 8,  0, 0),
(21, 9,  1, 1),
(21, 10, 2, 2),
(21, 11, 3, 3),
(22, 8,  0, 0),
(22, 9,  1, 1),
(22, 10, 2, 2),
(22, 11, 3, 3),
(23, 8,  0, 0),
(23, 9,  1, 1),
(23, 10, 2, 2),
(23, 11, 3, 3),
(24, 8,  0, 0),
(24, 9,  1, 1),
(24, 10, 2, 2),
(24, 11, 3, 3),
(25, 8,  0, 0),
(25, 9,  1, 1),
(25, 10, 2, 2),
(25, 11, 3, 3),
(26, 8,  0, 0),
(26, 9,  1, 1),
(26, 10, 2, 2),
(26, 11, 3, 3),
(27, 8,  0, 0),
(27, 9,  1, 1),
(27, 10, 2, 2),
(27, 11, 3, 3),
(28, 8,  0, 0),
(28, 9,  1, 1),
(28, 10, 2, 2),
(28, 11, 3, 3),
(29, 8,  0, 0),
(29, 9,  1, 1),
(29, 10, 2, 2),
(29, 11, 3, 3),
(30, 8,  0, 0),
(30, 9,  1, 1),
(30, 10, 2, 2),
(30, 11, 3, 3),

(31, 12, 0, 0),
(31, 13, 1, 1),
(31, 14, 2, 2),
(31, 15, 3, 3),
(31, 16, 4, 4),
(32, 17, 0, 0),
(32, 18, 1, 1),
(32, 19, 2, 2),
(32, 37, 3, 3),
(32, 20, 4, 4),
(33, 12, 0, 0),
(33, 21, 1, 1),
(33, 13, 2, 2),
(33, 23, 3, 3),
(33, 24, 4, 4),
(34, 12, 0, 0),
(34, 21, 1, 1),
(34, 22, 2, 2),
(34, 23, 3, 3),
(34, 24, 4, 4),
(35, 12, 0, 0),
(35, 21, 1, 1),
(35, 22, 2, 2),
(35, 23, 3, 3),
(35, 24, 4, 4),
(36, 12, 0, 0),
(36, 21, 1, 1),
(36, 13, 2, 2),
(36, 23, 3, 3),
(36, 24, 4, 4),
(37, 12, 0, 0),
(37, 21, 1, 1),
(37, 22, 2, 2),
(37, 23, 3, 3),
(37, 24, 4, 4),
(38, 12, 0, 0),
(38, 21, 1, 1),
(38, 22, 2, 2),
(38, 23, 3, 3),
(38, 24, 4, 4),
(39, 25, 0, 0),
(39, 26, 1, 1),
(39, 27, 2, 2),
(40, 25, 0, 0),
(40, 26, 1, 1),
(40, 27, 2, 2),
             
(41, 28, 0, 0),
(41, 25, 1, 1),
(42, 12, 0, 0),
(42, 30, 1, 1),
(42, 31, 2, 2),
(42, 32, 3, 3),
(43, 12, 0, 0),
(43, 30, 1, 1),
(43, 31, 2, 2),
(43, 32, 3, 3),
(44, 12, 0, 0),
(44, 30, 1, 1),
(44, 31, 2, 2),
(44, 32, 3, 3),
(45, 12, 0, 0),
(45, 30, 1, 1),
(45, 31, 2, 2),
(45, 32, 3, 3),
(46, 33, 0, 0),
(46, 34, 1, 1),
(46, 35, 2, 2),
(46, 36, 3, 3),

(47, 38, 0, 1),   
(47, 39, 1, 2),
(47, 40, 2, 3), 
(47, 41, 3, 4),
(47, 42, 4, 5),
(47, 43, 5, 6),

(48, 38, 0, 1),
(48, 39, 1, 2),
(48, 40, 2, 3),
(48, 41, 3, 4),
(48, 42, 4, 5),
(48, 43, 5, 6),

(49, 38, 0, 1),
(49, 39, 1, 2),
(49, 40, 2, 3),
(49, 41, 3, 4),
(49, 42, 4, 5),
(49, 43, 5, 6),

(50, 38, 0, 1),
(50, 39, 1, 2),
(50, 40, 2, 3),
(50, 41, 3, 4),
(50, 42, 4, 5),
(50, 43, 5, 6),

(51, 38, 0, 1), 
(51, 39, 1, 2),
(51, 40, 2, 3),
(51, 41, 3, 4),
(51, 42, 4, 5),
(51, 43, 5, 6),

(52, 38, 0, 1),
(52, 39, 1, 2),
(52, 40, 2, 3),
(52, 41, 3, 4),
(52, 42, 4, 5),
(52, 43, 5, 6),

(53, 38, 0, 1),
(53, 39, 1, 2),
(53, 40, 2, 3),
(53, 41, 3, 4),
(53, 42, 4, 5),
(53, 43, 5, 6),

(54, 38, 0, 1), 
(54, 39, 1, 2), 
(54, 40, 2, 3), 
(54, 41, 3, 4), 
(54, 42, 4, 5), 
(54, 43, 5, 6), 

(55, 38, 0, 1), 
(55, 39, 1, 2), 
(55, 40, 2, 3), 
(55, 41, 3, 4), 
(55, 42, 4, 5), 
(55, 43, 5, 6), 

(56, 38, 0, 1),
(56, 39, 1, 2),
(56, 40, 2, 3),
(56, 41, 3, 4),
(56, 42, 4, 5),
(56, 43, 5, 6),

(57, 38, 0, 1), 
(57, 39, 1, 2), 
(57, 40, 2, 3), 
(57, 41, 3, 4), 
(57, 42, 4, 5), 
(57, 43, 5, 6),

(58, 38, 0, 1),
(58, 39, 1, 2),
(58, 40, 2, 3),
(58, 41, 3, 4),
(58, 42, 4, 5),
(58, 43, 5, 6),

(59, 38, 0, 1), 
(59, 39, 1, 2), 
(59, 40, 2, 3), 
(59, 41, 3, 4), 
(59, 42, 4, 5), 
(59, 43, 5, 6), 

(60, 38, 0, 1), 
(60, 39, 1, 2),
(60, 40, 2, 3),
(60, 41, 3, 4),
(60, 42, 4, 5),
(60, 43, 5, 6),

(61, 38, 0, 1),
(61, 39, 1, 2),
(61, 40, 2, 3),
(61, 41, 3, 4),
(61, 42, 4, 5),
(61, 43, 5, 6),

(62, 38, 0, 1), 
(62, 39, 1, 2), 
(62, 40, 2, 3), 
(62, 41, 3, 4), 
(62, 42, 4, 5), 
(62, 43, 5, 6), 

(63, 38, 0, 1),
(63, 39, 1, 2),
(63, 40, 2, 3),
(63, 41, 3, 4),
(63, 42, 4, 5),
(63, 43, 5, 6),

(64, 38, 0, 1), 
(64, 39, 1, 2), 
(64, 40, 2, 3), 
(64, 41, 3, 4), 
(64, 42, 4, 5), 
(64, 43, 5, 6), 

(65, 38, 0, 1), 
(65, 39, 1, 2), 
(65, 40, 2, 3), 
(65, 41, 3, 4), 
(65, 42, 4, 5), 
(65, 43, 5, 6), 

(66, 38, 0, 1),
(66, 39, 1, 2),
(66, 40, 2, 3),
(66, 41, 3, 4),
(66, 42, 4, 5),
(66, 43, 5, 6),

(67, 38, 0, 1),
(67, 39, 1, 2),
(67, 40, 2, 3),
(67, 41, 3, 4),
(67, 42, 4, 5),
(67, 43, 5, 6),

(68, 38, 0, 1), 
(68, 39, 1, 2),
(68, 40, 2, 3),
(68, 41, 3, 4),
(68, 42, 4, 5),
(68, 43, 5, 6),

(69, 38, 0, 1),
(69, 39, 1, 2),
(69, 40, 2, 3),
(69, 41, 3, 4),
(69, 42, 4, 5),
(69, 43, 5, 6),

(70, 38, 0, 1), 
(70, 39, 1, 2), 
(70, 40, 2, 3), 
(70, 41, 3, 4), 
(70, 42, 4, 5), 
(70, 43, 5, 6), 

(71, 38, 0, 1), 
(71, 39, 1, 2), 
(71, 40, 2, 3), 
(71, 41, 3, 4), 
(71, 42, 4, 5), 
(71, 43, 5, 6), 

(72, 38, 0, 1), 
(72, 39, 1, 2), 
(72, 40, 2, 3), 
(72, 41, 3, 4), 
(72, 42, 4, 5), 
(72, 43, 5, 6), 

(73, 38, 0, 1), 
(73, 39, 1, 2), 
(73, 40, 2, 3), 
(73, 41, 3, 4), 
(73, 42, 4, 5), 
(73, 43, 5, 6), 

(74, 38, 0, 1), 
(74, 39, 1, 2), 
(74, 40, 2, 3), 
(74, 41, 3, 4), 
(74, 42, 4, 5), 
(74, 43, 5, 6), 

(75, 38, 0, 1), 
(75, 39, 1, 2), 
(75, 40, 2, 3), 
(75, 41, 3, 4), 
(75, 42, 4, 5), 
(75, 43, 5, 6), 

(76, 38, 0, 1), 
(76, 39, 1, 2), 
(76, 40, 2, 3), 
(76, 41, 3, 4), 
(76, 42, 4, 5), 
(76, 43, 5, 6), 

(77, 38, 0, 1),
(77, 39, 1, 2),
(77, 40, 2, 3),
(77, 41, 3, 4),
(77, 42, 4, 5),
(77, 43, 5, 6),

(78, 38, 0, 1),
(78, 39, 1, 2),
(78, 40, 2, 3),
(78, 41, 3, 4),
(78, 42, 4, 5),
(78, 43, 5, 6),

(79, 38, 0, 1), 
(79, 39, 1, 2), 
(79, 40, 2, 3), 
(79, 41, 3, 4), 
(79, 42, 4, 5), 
(79, 43, 5, 6), 

(80, 38, 0, 1), 
(80, 39, 1, 2), 
(80, 40, 2, 3), 
(80, 41, 3, 4), 
(80, 42, 4, 5), 
(80, 43, 5, 6), 

(81, 38, 0, 1), 
(81, 39, 1, 2), 
(81, 40, 2, 3), 
(81, 41, 3, 4), 
(81, 42, 4, 5), 
(81, 43, 5, 6), 

(82, 38, 0, 1),
(82, 39, 1, 2),
(82, 40, 2, 3),
(82, 41, 3, 4),
(82, 42, 4, 5),
(82, 43, 5, 6),   

-- Estou comentando este trecho, pois este impede que o sustema seja atualizado em nosso ambiente
(83, 44, 0, 3),
(83, 45, 1, 2),
(83, 46, 2, 1),
(83, 12, 3, 0),

(84, 47, 0, 3),
(84, 48, 1, 2),
(84, 49, 2, 1),
(84, 50, 3, 0),

(85, 44, 0, 3),
(85, 45, 1, 2),
(85, 46, 2, 1),     
(85, 51, 3, 0),

(86, 52, 0, 0),
(86, 53, 1, 1),
(86, 54, 2, 2),
(86, 12, 3, 3),

(87, 12, 0, 0),
(87, 55, 1, 1),
(87, 53, 2, 2),
(87, 52, 3, 3),

(88, 56, 0, 3),
(88, 57, 1, 2),
(88, 58, 2, 1),
(88, 59, 3, 0),

(89, 60, 0, 3),
(89, 61, 1, 2),
(89, 46, 2, 1),
(89, 62, 3, 0),

(90, 12, 0, 0),
(90, 63, 1, 1),
(90, 13, 2, 2),
(90, 64, 3, 3),
(90, 65, 4, 4),
(90, 66, 5, 5),
(90, 67, 6, 6),

(91,12, 0, 0 ), 
(91,63, 1, 1 ),
(91,13, 2, 2 ),
(91,64, 3, 3 ),
(91,65, 4, 4 ),
(91,66, 5, 5 ),
(91,67, 6, 6 ),

(92, 12, 0, 0), 
(92, 63, 1, 1),
(92, 13, 2, 2),
(92, 64, 3, 3),
(92, 65, 4, 4),
(92, 66, 5, 5),
(92, 67, 6, 6),

(93, 12, 0, 0), 
(93, 63, 1, 1), 
(93, 13, 2, 2), 
(93, 64, 3, 3), 
(93, 65, 4, 4), 
(93, 66, 5, 5), 
(93, 67, 6, 6), 

(94, 12, 0, 0), 
(94, 63, 1, 1), 
(94, 13, 2, 2), 
(94, 64, 3, 3), 
(94, 65, 4, 4), 
(94, 66, 5, 5), 
(94, 67, 6, 6), 

(95, 12, 0, 0), 
(95, 63, 1, 1),
(95, 13, 2, 2),
(95, 64, 3, 3),
(95, 65, 4, 4),
(95, 66, 5, 5),
(95, 67, 6, 6),

(96, 12, 0, 0), 
(96, 63, 1, 1), 
(96, 13, 2, 2), 
(96, 64, 3, 3), 
(96, 65, 4, 4), 
(96, 66, 5, 5), 
(96, 67, 6, 6), 

(97, 12, 0, 0), 
(97, 63, 1, 1), 
(97, 13, 2, 2), 
(97, 64, 3, 3), 
(97, 65, 4, 4), 
(97, 66, 5, 5), 
(97, 67, 6, 6), 

(98, 12, 0, 0), 
(98, 63, 1, 1),
(98, 13, 2, 2),
(98, 64, 3, 3),
(98, 65, 4, 4),
(98, 66, 5, 5),
(98, 67, 6, 6),

(99, 12, 0, 0), 
(99, 63, 1, 1), 
(99, 13, 2, 2), 
(99, 64, 3, 3), 
(99, 65, 4, 4), 
(99, 66, 5, 5), 
(99, 67, 6, 6), 


(100, 12, 0, 6),
(100, 63, 1, 5),
(100, 13, 2, 4),
(100, 64, 3, 3),
(100, 65, 4, 2),
(100, 66, 5, 1),
(100, 67, 6, 0),


(101, 12, 0, 6),
(101, 63, 1, 5),
(101, 13, 2, 4),
(101, 64, 3, 3),
(101, 65, 4, 2),
(101, 66, 5, 1),
(101, 67, 6, 0),

(102, 12, 0, 6),
(102, 63, 1, 5),
(102, 13, 2, 4),
(102, 64, 3, 3),
(102, 65, 4, 2),
(102, 66, 5, 1),
(102, 67, 6, 0),


(103, 12, 0, 6),
(103, 63, 1, 5),
(103, 13, 2, 4),
(103, 64, 3, 3),
(103, 65, 4, 2),
(103, 66, 5, 1),
(103, 67, 6, 0),

(104, 12, 0, 6),
(104, 63, 1, 5),
(104, 13, 2, 4),
(104, 64, 3, 3),
(104, 65, 4, 2),
(104, 66, 5, 1),
(104, 67, 6, 0),

(105, 12, 0, 6),
(105, 63, 1, 5),
(105, 13, 2, 4),
(105, 64, 3, 3),
(105, 65, 4, 2),
(105, 66, 5, 1),
(105, 67, 6, 0);

INSERT INTO tb_question_deps(
            id, id_question, id_question_deps, id_option_deps)
    VALUES 
(0, 9, 0, 0),
(1, 9, 1, 0),
(2, 9, 2, 0),
(3, 9, 3, 0),
(4, 9, 4, 0),
(5, 9, 5, 0),
(6, 9, 6, 0),
(7, 9, 7, 0),
(8, 9, 8, 0),

(10, 32, 31, 12),
(11, 33, 31, 12),
(12, 34, 31, 12),
(13, 35, 31, 12),
(14, 36, 31, 12),
(15, 37, 31, 12),
(16, 38, 31, 12),
(17, 39, 31, 12),
(18, 40, 31, 12),    

(19, 42, 41, 25),    
(20, 43, 41, 25),
(21, 44, 41, 25),
(22, 45, 41, 25),
(23, 46, 41, 25);
